{
  "Water": [
    {
      "amount": 500.0,
      "date": "2024-12-10"
    },
    {
      "amount": 300.0,
      "date": "2023-10-12"
    },
    {
      "date": "2024-10-12",
      "amount": 940.0
    },
    {
      "date": "2024-10-12",
      "amount": 900.0
    }
  ],
  "Food": [
    {
      "amount": 900.0,
      "date": "2023-12-10"
    },
    {
      "amount": 300.0,
      "date": "2024-10-10"
    },
    {
      "amount": 710.0,
      "date": "2024-10-11"
    },
    {
      "amount": 200.0,
      "date": "2024-01-24"
    }
  ],
  "Grocery": [
    {
      "amount": 250.0,
      "date": "2024-12-12"
    },
    {
      "amount": 515.0,
      "date": "2024-04-27"
    }
  ],
  "Tution": [
    {
      "amount": 280.0,
      "date": "2024-09-09"
    },
    {
      "amount": 465.0,
      "date": "2024-04-06"
    }
  ],
  "Toys": [
    {
      "amount": 400.0,
      "date": "2024-05-30"
    },
    {
      "amount": 300.0,
      "date": "2024-04-05"
    },
    {
      "amount": 200.0,
      "date": "2024-12-16"
    }
  ],
  "Books": [
    {
      "amount": 560.0,
      "date": "2024-12-31"
    },
    {
      "amount": 300.0,
      "date": "2024-05-09"
    }
  ],
  "Drinks": [
    {
      "amount": 900.0,
      "date": "2023-10-12"
    },
    {
      "amount": 750.0,
      "date": "2023-10-12"
    }
  ],
  "Gathering": [
    {
      "amount": 1200.0,
      "date": "2023-10-12"
    },
    {
      "amount": 1500.0,
      "date": "2023-10-12"
    },
    {
      "amount": 1850.0,
      "date": "2024-11-13"
    }
  ],
  "Party": [
    {
      "amount": 1500.0,
      "date": "2013-10-12"
    },
    {
      "amount": 1850.0,
      "date": "2024-11-13"
    },
    {
      "amount": 1500.0,
      "date": "2023-10-12"
    }
  ],
  "Photos": [
    {
      "amount": 900.0,
      "date": "2023-10-12"
    },
    {
      "amount": 900.0,
      "date": "2024-12-10"
    },
    {
      "amount": 900.0,
      "date": "2024-12-10"
    },
    {
      "amount": 800.0,
      "date": "2024-12-10"
    },
    {
      "amount": 800.0,
      "date": "2024-10-12"
    }
  ]
}